"","study","location","coral.taxa","sample.ID","batch","fraction","depth.m","depth.bin","light.depth","ESS.norm","d13C"
"1","Wall 2021","Kaneohe.lab","M.capitata","T5A-HOST","Wall","host",NA,"shallow","high.light","Thr.n",8.54781101166667
"2","Wall 2021","Kaneohe.lab","M.capitata","T5B-HOST","Wall","host",NA,"shallow","high.light","Thr.n",7.29903902666667
"3","Wall 2021","Kaneohe.lab","M.capitata","T6A-HOST","Wall","host",NA,"shallow","high.light","Thr.n",6.775834355
"4","Wall 2021","Kaneohe.lab","M.capitata","T6B-HOST","Wall","host",NA,"shallow","high.light","Thr.n",4.80292989666667
"5","Wall 2021","Kaneohe.lab","M.capitata","T5A-SYMB","Wall","symb",NA,"shallow","high.light","Thr.n",7.7946336065
"6","Wall 2021","Kaneohe.lab","M.capitata","T5B-SYMB","Wall","symb",NA,"shallow","high.light","Thr.n",10.0368328308333
"7","Wall 2021","Kaneohe.lab","M.capitata","T6A-SYMB","Wall","symb",NA,"shallow","high.light","Thr.n",9.00163799666667
"8","Wall 2021","Kaneohe.lab","M.capitata","T6B-SYMB","Wall","symb",NA,"shallow","high.light","Thr.n",7.7553083
"9","Wall 2021","Kaneohe.lab","Plankton","Plank","Wall","plank",NA,"shallow","Plankton","Thr.n",5.26480426833333
"10","Wall 2021","Kaneohe.lab","M.capitata","T5A-HOST","Wall","host",NA,"shallow","high.light","Val.n",-6.41987586033333
"11","Wall 2021","Kaneohe.lab","M.capitata","T5B-HOST","Wall","host",NA,"shallow","high.light","Val.n",-6.55073875333333
"12","Wall 2021","Kaneohe.lab","M.capitata","T6A-HOST","Wall","host",NA,"shallow","high.light","Val.n",-7.016862611
"13","Wall 2021","Kaneohe.lab","M.capitata","T6B-HOST","Wall","host",NA,"shallow","high.light","Val.n",-6.91094889333333
"14","Wall 2021","Kaneohe.lab","M.capitata","T5A-SYMB","Wall","symb",NA,"shallow","high.light","Val.n",-7.5950734605
"15","Wall 2021","Kaneohe.lab","M.capitata","T5B-SYMB","Wall","symb",NA,"shallow","high.light","Val.n",-8.10957120616667
"16","Wall 2021","Kaneohe.lab","M.capitata","T6A-SYMB","Wall","symb",NA,"shallow","high.light","Val.n",-7.98915997933333
"17","Wall 2021","Kaneohe.lab","M.capitata","T6B-SYMB","Wall","symb",NA,"shallow","high.light","Val.n",-7.79583816
"18","Wall 2021","Kaneohe.lab","Plankton","Plank","Wall","plank",NA,"shallow","Plankton","Val.n",-4.03590280166667
"19","Wall 2021","Kaneohe.lab","M.capitata","T5A-HOST","Wall","host",NA,"shallow","high.light","Leu.n",-7.02239101033333
"20","Wall 2021","Kaneohe.lab","M.capitata","T5B-HOST","Wall","host",NA,"shallow","high.light","Leu.n",-7.04176905333333
"21","Wall 2021","Kaneohe.lab","M.capitata","T6A-HOST","Wall","host",NA,"shallow","high.light","Leu.n",-8.132347461
"22","Wall 2021","Kaneohe.lab","M.capitata","T6B-HOST","Wall","host",NA,"shallow","high.light","Leu.n",-6.84979737333333
"23","Wall 2021","Kaneohe.lab","M.capitata","T5A-SYMB","Wall","symb",NA,"shallow","high.light","Leu.n",-7.3584977105
"24","Wall 2021","Kaneohe.lab","M.capitata","T5B-SYMB","Wall","symb",NA,"shallow","high.light","Leu.n",-6.94963181616667
"25","Wall 2021","Kaneohe.lab","M.capitata","T6A-SYMB","Wall","symb",NA,"shallow","high.light","Leu.n",-7.39573573933333
"26","Wall 2021","Kaneohe.lab","M.capitata","T6B-SYMB","Wall","symb",NA,"shallow","high.light","Leu.n",-6.73494422
"27","Wall 2021","Kaneohe.lab","Plankton","Plank","Wall","plank",NA,"shallow","Plankton","Leu.n",-4.67438765166667
"28","Wall 2021","Kaneohe.lab","M.capitata","T5A-HOST","Wall","host",NA,"shallow","high.light","Ile.n",4.19821504966667
"29","Wall 2021","Kaneohe.lab","M.capitata","T5B-HOST","Wall","host",NA,"shallow","high.light","Ile.n",3.14974609666667
"30","Wall 2021","Kaneohe.lab","M.capitata","T6A-HOST","Wall","host",NA,"shallow","high.light","Ile.n",3.456288899
"31","Wall 2021","Kaneohe.lab","M.capitata","T6B-HOST","Wall","host",NA,"shallow","high.light","Ile.n",3.20171777666667
"32","Wall 2021","Kaneohe.lab","M.capitata","T5A-SYMB","Wall","symb",NA,"shallow","high.light","Ile.n",2.8165022895
"33","Wall 2021","Kaneohe.lab","M.capitata","T5B-SYMB","Wall","symb",NA,"shallow","high.light","Ile.n",1.77339848383333
"34","Wall 2021","Kaneohe.lab","M.capitata","T6A-SYMB","Wall","symb",NA,"shallow","high.light","Ile.n",2.98774911066667
"35","Wall 2021","Kaneohe.lab","M.capitata","T6B-SYMB","Wall","symb",NA,"shallow","high.light","Ile.n",2.98475275
"36","Wall 2021","Kaneohe.lab","Plankton","Plank","Wall","plank",NA,"shallow","Plankton","Ile.n",1.34621841833333
"37","Wall 2021","Kaneohe.lab","M.capitata","T5A-HOST","Wall","host",NA,"shallow","high.light","Phe.n",-3.32491232033333
"38","Wall 2021","Kaneohe.lab","M.capitata","T5B-HOST","Wall","host",NA,"shallow","high.light","Phe.n",-3.23550958333333
"39","Wall 2021","Kaneohe.lab","M.capitata","T6A-HOST","Wall","host",NA,"shallow","high.light","Phe.n",-1.494123031
"40","Wall 2021","Kaneohe.lab","M.capitata","T6B-HOST","Wall","host",NA,"shallow","high.light","Phe.n",-1.51619889333333
"41","Wall 2021","Kaneohe.lab","M.capitata","T5A-SYMB","Wall","symb",NA,"shallow","high.light","Phe.n",-2.5316724205
"42","Wall 2021","Kaneohe.lab","M.capitata","T5B-SYMB","Wall","symb",NA,"shallow","high.light","Phe.n",-2.80252954616667
"43","Wall 2021","Kaneohe.lab","M.capitata","T6A-SYMB","Wall","symb",NA,"shallow","high.light","Phe.n",-2.33375893933333
"44","Wall 2021","Kaneohe.lab","M.capitata","T6B-SYMB","Wall","symb",NA,"shallow","high.light","Phe.n",-2.02548399
"45","Wall 2021","Kaneohe.lab","Plankton","Plank","Wall","plank",NA,"shallow","Plankton","Phe.n",-1.72309030166667
"46","Wall 2021","Kaneohe.lab","M.capitata","T5A-HOST","Wall","host",NA,"shallow","high.light","Lys.n",4.02115312966667
"47","Wall 2021","Kaneohe.lab","M.capitata","T5B-HOST","Wall","host",NA,"shallow","high.light","Lys.n",6.37923226666667
"48","Wall 2021","Kaneohe.lab","M.capitata","T6A-HOST","Wall","host",NA,"shallow","high.light","Lys.n",6.411209849
"49","Wall 2021","Kaneohe.lab","M.capitata","T6B-HOST","Wall","host",NA,"shallow","high.light","Lys.n",7.27229748666667
"50","Wall 2021","Kaneohe.lab","M.capitata","T5A-SYMB","Wall","symb",NA,"shallow","high.light","Lys.n",6.8741076955
"51","Wall 2021","Kaneohe.lab","M.capitata","T5B-SYMB","Wall","symb",NA,"shallow","high.light","Lys.n",6.05150125383333
"52","Wall 2021","Kaneohe.lab","M.capitata","T6A-SYMB","Wall","symb",NA,"shallow","high.light","Lys.n",5.72926755066667
"53","Wall 2021","Kaneohe.lab","M.capitata","T6B-SYMB","Wall","symb",NA,"shallow","high.light","Lys.n",5.81620532
"54","Wall 2021","Kaneohe.lab","Plankton","Plank","Wall","plank",NA,"shallow","Plankton","Lys.n",3.82235806833333
"55","ESVI","Kaneohe.field","M.capitata","MC1.H","J1","host","1","shallow","high.light","Thr.n",8.70333333333333
"56","ESVI","Kaneohe.field","M.capitata","MC2.H","J1","host","2","shallow","high.light","Thr.n",8.71
"57","ESVI","Kaneohe.field","M.capitata","MC8.H","J1","host","4","intermediate","intermediate","Thr.n",9.905
"58","ESVI","Kaneohe.field","M.capitata","MC9.H","J1","host","4","intermediate","intermediate","Thr.n",10.58
"59","ESVI","Kaneohe.field","M.capitata","MC12.H","J1","host","9","deep","low.light","Thr.n",8.95166666666667
"60","ESVI","Kaneohe.field","M.capitata","MC15.H","J1","host","8","deep","low.light","Thr.n",9.68666666666667
"61","ESVI","Kaneohe.field","M.capitata","MC15.S","J1","symb","8","deep","low.light","Thr.n",9.80333333333333
"62","ESVI","Kaneohe.field","M.capitata","MC4.S","B1","symb","3","shallow","high.light","Thr.n",12.5633333333333
"63","ESVI","Kaneohe.field","M.capitata","MC9.S","B1","symb","4","intermediate","intermediate","Thr.n",14.4483333333333
"64","ESVI","Kaneohe.field","M.capitata","MC12.S","B1","symb","9","deep","low.light","Thr.n",11.6083333333333
"65","ESVI","Kaneohe.field","M.capitata","MC13.S","B1","symb","6","deep","low.light","Thr.n",10.8016666666667
"66","ESVI","Kaneohe.field","M.capitata","MC7.S","B1","symb","5","intermediate","intermediate","Thr.n",9.42833333333333
"67","ESVI","Kaneohe.field","M.capitata","MC1.S","B1","symb","1","shallow","high.light","Thr.n",9.25833333333333
"68","ESVI","Kaneohe.field","M.capitata","MC11.H","B1","host","7","deep","low.light","Thr.n",9.925
"69","ESVI","Kaneohe.field","M.capitata","MC7.H","B1","host","5","intermediate","intermediate","Thr.n",9.99333333333333
"70","ESVI","Kaneohe.field","M.capitata","MC4.H","B2","host","3","shallow","high.light","Thr.n",9.93333333333334
"71","ESVI","Kaneohe.field","M.capitata","MC5.S","B2","symb","3","shallow","high.light","Thr.n",10.68
"72","ESVI","Kaneohe.field","M.capitata","MC5.H","B2","host","3","shallow","high.light","Thr.n",11.0666666666667
"73","ESVI","Kaneohe.field","M.capitata","MC8.S","B2","symb","4","intermediate","intermediate","Thr.n",10.1816666666667
"74","ESVI","Kaneohe.field","M.capitata","MC14.S","B2","symb","9","deep","low.light","Thr.n",9.5
"75","ESVI","Kaneohe.field","M.capitata","MC2.S","B2","symb","2","shallow","high.light","Thr.n",9.47
"76","ESVI","Kaneohe.field","M.capitata","MC14.H","B2","host","9","deep","low.light","Thr.n",10.7366666666667
"77","ESVI","Kaneohe.field","M.capitata","MC1.H","J1","host","1","shallow","high.light","Val.n",-5.15666666666667
"78","ESVI","Kaneohe.field","M.capitata","MC2.H","J1","host","2","shallow","high.light","Val.n",-4.43
"79","ESVI","Kaneohe.field","M.capitata","MC8.H","J1","host","4","intermediate","intermediate","Val.n",-3.325
"80","ESVI","Kaneohe.field","M.capitata","MC9.H","J1","host","4","intermediate","intermediate","Val.n",-3.18
"81","ESVI","Kaneohe.field","M.capitata","MC12.H","J1","host","9","deep","low.light","Val.n",-2.42833333333333
"82","ESVI","Kaneohe.field","M.capitata","MC15.H","J1","host","8","deep","low.light","Val.n",-3.56333333333333
"83","ESVI","Kaneohe.field","M.capitata","MC15.S","J1","symb","8","deep","low.light","Val.n",-4.72666666666667
"84","ESVI","Kaneohe.field","M.capitata","MC4.S","B1","symb","3","shallow","high.light","Val.n",-6.43666666666667
"85","ESVI","Kaneohe.field","M.capitata","MC9.S","B1","symb","4","intermediate","intermediate","Val.n",-6.34166666666667
"86","ESVI","Kaneohe.field","M.capitata","MC12.S","B1","symb","9","deep","low.light","Val.n",-5.65166666666667
"87","ESVI","Kaneohe.field","M.capitata","MC13.S","B1","symb","6","deep","low.light","Val.n",-8.25833333333333
"88","ESVI","Kaneohe.field","M.capitata","MC7.S","B1","symb","5","intermediate","intermediate","Val.n",-7.04166666666667
"89","ESVI","Kaneohe.field","M.capitata","MC1.S","B1","symb","1","shallow","high.light","Val.n",-7.30166666666667
"90","ESVI","Kaneohe.field","M.capitata","MC11.H","B1","host","7","deep","low.light","Val.n",-5.085
"91","ESVI","Kaneohe.field","M.capitata","MC7.H","B1","host","5","intermediate","intermediate","Val.n",-4.61666666666667
"92","ESVI","Kaneohe.field","M.capitata","MC4.H","B2","host","3","shallow","high.light","Val.n",-4.60666666666667
"93","ESVI","Kaneohe.field","M.capitata","MC5.S","B2","symb","3","shallow","high.light","Val.n",-5.87
"94","ESVI","Kaneohe.field","M.capitata","MC5.H","B2","host","3","shallow","high.light","Val.n",-6.06333333333333
"95","ESVI","Kaneohe.field","M.capitata","MC8.S","B2","symb","4","intermediate","intermediate","Val.n",-5.90833333333333
"96","ESVI","Kaneohe.field","M.capitata","MC14.S","B2","symb","9","deep","low.light","Val.n",-4.94
"97","ESVI","Kaneohe.field","M.capitata","MC2.S","B2","symb","2","shallow","high.light","Val.n",-4.75
"98","ESVI","Kaneohe.field","M.capitata","MC14.H","B2","host","9","deep","low.light","Val.n",-2.30333333333333
"99","ESVI","Kaneohe.field","M.capitata","MC1.H","J1","host","1","shallow","high.light","Leu.n",-7.95666666666666
"100","ESVI","Kaneohe.field","M.capitata","MC2.H","J1","host","2","shallow","high.light","Leu.n",-8.27
"101","ESVI","Kaneohe.field","M.capitata","MC8.H","J1","host","4","intermediate","intermediate","Leu.n",-7.595
"102","ESVI","Kaneohe.field","M.capitata","MC9.H","J1","host","4","intermediate","intermediate","Leu.n",-7.68
"103","ESVI","Kaneohe.field","M.capitata","MC12.H","J1","host","9","deep","low.light","Leu.n",-8.39833333333333
"104","ESVI","Kaneohe.field","M.capitata","MC15.H","J1","host","8","deep","low.light","Leu.n",-8.00333333333333
"105","ESVI","Kaneohe.field","M.capitata","MC15.S","J1","symb","8","deep","low.light","Leu.n",-6.98666666666666
"106","ESVI","Kaneohe.field","M.capitata","MC4.S","B1","symb","3","shallow","high.light","Leu.n",-8.92666666666667
"107","ESVI","Kaneohe.field","M.capitata","MC9.S","B1","symb","4","intermediate","intermediate","Leu.n",-7.78166666666667
"108","ESVI","Kaneohe.field","M.capitata","MC12.S","B1","symb","9","deep","low.light","Leu.n",-7.99166666666667
"109","ESVI","Kaneohe.field","M.capitata","MC13.S","B1","symb","6","deep","low.light","Leu.n",-8.18833333333333
"110","ESVI","Kaneohe.field","M.capitata","MC7.S","B1","symb","5","intermediate","intermediate","Leu.n",-7.86166666666667
"111","ESVI","Kaneohe.field","M.capitata","MC1.S","B1","symb","1","shallow","high.light","Leu.n",-6.09166666666667
"112","ESVI","Kaneohe.field","M.capitata","MC11.H","B1","host","7","deep","low.light","Leu.n",-8.795
"113","ESVI","Kaneohe.field","M.capitata","MC7.H","B1","host","5","intermediate","intermediate","Leu.n",-9.49666666666667
"114","ESVI","Kaneohe.field","M.capitata","MC4.H","B2","host","3","shallow","high.light","Leu.n",-7.42666666666667
"115","ESVI","Kaneohe.field","M.capitata","MC5.S","B2","symb","3","shallow","high.light","Leu.n",-5.89
"116","ESVI","Kaneohe.field","M.capitata","MC5.H","B2","host","3","shallow","high.light","Leu.n",-7.98333333333333
"117","ESVI","Kaneohe.field","M.capitata","MC8.S","B2","symb","4","intermediate","intermediate","Leu.n",-5.89833333333333
"118","ESVI","Kaneohe.field","M.capitata","MC14.S","B2","symb","9","deep","low.light","Leu.n",-7.33
"119","ESVI","Kaneohe.field","M.capitata","MC2.S","B2","symb","2","shallow","high.light","Leu.n",-7.14
"120","ESVI","Kaneohe.field","M.capitata","MC14.H","B2","host","9","deep","low.light","Leu.n",-7.37333333333333
"121","ESVI","Kaneohe.field","M.capitata","MC1.H","J1","host","1","shallow","high.light","Ile.n",4.50333333333334
"122","ESVI","Kaneohe.field","M.capitata","MC2.H","J1","host","2","shallow","high.light","Ile.n",5.76
"123","ESVI","Kaneohe.field","M.capitata","MC8.H","J1","host","4","intermediate","intermediate","Ile.n",6.345
"124","ESVI","Kaneohe.field","M.capitata","MC9.H","J1","host","4","intermediate","intermediate","Ile.n",5.09
"125","ESVI","Kaneohe.field","M.capitata","MC12.H","J1","host","9","deep","low.light","Ile.n",5.98166666666667
"126","ESVI","Kaneohe.field","M.capitata","MC15.H","J1","host","8","deep","low.light","Ile.n",6.34666666666667
"127","ESVI","Kaneohe.field","M.capitata","MC15.S","J1","symb","8","deep","low.light","Ile.n",5.09333333333333
"128","ESVI","Kaneohe.field","M.capitata","MC4.S","B1","symb","3","shallow","high.light","Ile.n",6.36333333333333
"129","ESVI","Kaneohe.field","M.capitata","MC9.S","B1","symb","4","intermediate","intermediate","Ile.n",3.32833333333333
"130","ESVI","Kaneohe.field","M.capitata","MC12.S","B1","symb","9","deep","low.light","Ile.n",5.29833333333333
"131","ESVI","Kaneohe.field","M.capitata","MC13.S","B1","symb","6","deep","low.light","Ile.n",4.74166666666667
"132","ESVI","Kaneohe.field","M.capitata","MC7.S","B1","symb","5","intermediate","intermediate","Ile.n",4.65833333333333
"133","ESVI","Kaneohe.field","M.capitata","MC1.S","B1","symb","1","shallow","high.light","Ile.n",1.34833333333333
"134","ESVI","Kaneohe.field","M.capitata","MC11.H","B1","host","7","deep","low.light","Ile.n",4.565
"135","ESVI","Kaneohe.field","M.capitata","MC7.H","B1","host","5","intermediate","intermediate","Ile.n",5.09333333333333
"136","ESVI","Kaneohe.field","M.capitata","MC4.H","B2","host","3","shallow","high.light","Ile.n",3.99333333333333
"137","ESVI","Kaneohe.field","M.capitata","MC5.S","B2","symb","3","shallow","high.light","Ile.n",6.09
"138","ESVI","Kaneohe.field","M.capitata","MC5.H","B2","host","3","shallow","high.light","Ile.n",5.91666666666667
"139","ESVI","Kaneohe.field","M.capitata","MC8.S","B2","symb","4","intermediate","intermediate","Ile.n",0.201666666666668
"140","ESVI","Kaneohe.field","M.capitata","MC14.S","B2","symb","9","deep","low.light","Ile.n",4.51
"141","ESVI","Kaneohe.field","M.capitata","MC2.S","B2","symb","2","shallow","high.light","Ile.n",4.99
"142","ESVI","Kaneohe.field","M.capitata","MC14.H","B2","host","9","deep","low.light","Ile.n",2.55666666666667
"143","ESVI","Kaneohe.field","M.capitata","MC1.H","J1","host","1","shallow","high.light","Phe.n",-5.47666666666667
"144","ESVI","Kaneohe.field","M.capitata","MC2.H","J1","host","2","shallow","high.light","Phe.n",-6.54
"145","ESVI","Kaneohe.field","M.capitata","MC8.H","J1","host","4","intermediate","intermediate","Phe.n",-5.585
"146","ESVI","Kaneohe.field","M.capitata","MC9.H","J1","host","4","intermediate","intermediate","Phe.n",-5.88
"147","ESVI","Kaneohe.field","M.capitata","MC12.H","J1","host","9","deep","low.light","Phe.n",-5.74833333333333
"148","ESVI","Kaneohe.field","M.capitata","MC15.H","J1","host","8","deep","low.light","Phe.n",-5.59333333333333
"149","ESVI","Kaneohe.field","M.capitata","MC15.S","J1","symb","8","deep","low.light","Phe.n",-4.28666666666667
"150","ESVI","Kaneohe.field","M.capitata","MC4.S","B1","symb","3","shallow","high.light","Phe.n",-6.57666666666666
"151","ESVI","Kaneohe.field","M.capitata","MC9.S","B1","symb","4","intermediate","intermediate","Phe.n",-6.57166666666667
"152","ESVI","Kaneohe.field","M.capitata","MC12.S","B1","symb","9","deep","low.light","Phe.n",-6.05166666666667
"153","ESVI","Kaneohe.field","M.capitata","MC13.S","B1","symb","6","deep","low.light","Phe.n",-3.52833333333333
"154","ESVI","Kaneohe.field","M.capitata","MC7.S","B1","symb","5","intermediate","intermediate","Phe.n",-4.12166666666667
"155","ESVI","Kaneohe.field","M.capitata","MC1.S","B1","symb","1","shallow","high.light","Phe.n",-3.69166666666667
"156","ESVI","Kaneohe.field","M.capitata","MC11.H","B1","host","7","deep","low.light","Phe.n",-5.455
"157","ESVI","Kaneohe.field","M.capitata","MC7.H","B1","host","5","intermediate","intermediate","Phe.n",-5.84666666666667
"158","ESVI","Kaneohe.field","M.capitata","MC4.H","B2","host","3","shallow","high.light","Phe.n",-4.32666666666666
"159","ESVI","Kaneohe.field","M.capitata","MC5.S","B2","symb","3","shallow","high.light","Phe.n",-2.94
"160","ESVI","Kaneohe.field","M.capitata","MC5.H","B2","host","3","shallow","high.light","Phe.n",-5.11333333333333
"161","ESVI","Kaneohe.field","M.capitata","MC8.S","B2","symb","4","intermediate","intermediate","Phe.n",-1.88833333333333
"162","ESVI","Kaneohe.field","M.capitata","MC14.S","B2","symb","9","deep","low.light","Phe.n",-3.44
"163","ESVI","Kaneohe.field","M.capitata","MC2.S","B2","symb","2","shallow","high.light","Phe.n",-4.12
"164","ESVI","Kaneohe.field","M.capitata","MC14.H","B2","host","9","deep","low.light","Phe.n",-5.00333333333333
"165","ESVI","Kaneohe.field","M.capitata","MC1.H","J1","host","1","shallow","high.light","Lys.n",5.38333333333333
"166","ESVI","Kaneohe.field","M.capitata","MC2.H","J1","host","2","shallow","high.light","Lys.n",4.77
"167","ESVI","Kaneohe.field","M.capitata","MC8.H","J1","host","4","intermediate","intermediate","Lys.n",0.255000000000003
"168","ESVI","Kaneohe.field","M.capitata","MC9.H","J1","host","4","intermediate","intermediate","Lys.n",1.07
"169","ESVI","Kaneohe.field","M.capitata","MC12.H","J1","host","9","deep","low.light","Lys.n",1.64166666666667
"170","ESVI","Kaneohe.field","M.capitata","MC15.H","J1","host","8","deep","low.light","Lys.n",1.12666666666667
"171","ESVI","Kaneohe.field","M.capitata","MC15.S","J1","symb","8","deep","low.light","Lys.n",1.10333333333334
"172","ESVI","Kaneohe.field","M.capitata","MC4.S","B1","symb","3","shallow","high.light","Lys.n",3.01333333333333
"173","ESVI","Kaneohe.field","M.capitata","MC9.S","B1","symb","4","intermediate","intermediate","Lys.n",2.91833333333333
"174","ESVI","Kaneohe.field","M.capitata","MC12.S","B1","symb","9","deep","low.light","Lys.n",2.78833333333333
"175","ESVI","Kaneohe.field","M.capitata","MC13.S","B1","symb","6","deep","low.light","Lys.n",4.43166666666667
"176","ESVI","Kaneohe.field","M.capitata","MC7.S","B1","symb","5","intermediate","intermediate","Lys.n",4.93833333333333
"177","ESVI","Kaneohe.field","M.capitata","MC1.S","B1","symb","1","shallow","high.light","Lys.n",6.47833333333333
"178","ESVI","Kaneohe.field","M.capitata","MC11.H","B1","host","7","deep","low.light","Lys.n",4.845
"179","ESVI","Kaneohe.field","M.capitata","MC7.H","B1","host","5","intermediate","intermediate","Lys.n",4.87333333333333
"180","ESVI","Kaneohe.field","M.capitata","MC4.H","B2","host","3","shallow","high.light","Lys.n",2.43333333333334
"181","ESVI","Kaneohe.field","M.capitata","MC5.S","B2","symb","3","shallow","high.light","Lys.n",-2.07
"182","ESVI","Kaneohe.field","M.capitata","MC5.H","B2","host","3","shallow","high.light","Lys.n",2.17666666666667
"183","ESVI","Kaneohe.field","M.capitata","MC8.S","B2","symb","4","intermediate","intermediate","Lys.n",3.31166666666667
"184","ESVI","Kaneohe.field","M.capitata","MC14.S","B2","symb","9","deep","low.light","Lys.n",1.7
"185","ESVI","Kaneohe.field","M.capitata","MC2.S","B2","symb","2","shallow","high.light","Lys.n",1.55
"186","ESVI","Kaneohe.field","M.capitata","MC14.H","B2","host","9","deep","low.light","Lys.n",1.38666666666667
"187","Mario 2024","PH","M.capitata","PHL2-8","Mario","host",NA,"shallow","PMNM","Thr.n",8.61166666666666
"210","Mario 2024","PH","M.capitata","PHL7-8","Mario","host",NA,"shallow","PMNM","Thr.n",9.17166666666667
"310","Mario 2024","PH","M.capitata","PH 29","Mario","host",NA,"shallow","PMNM","Thr.n",9.07666666666667
"410","Mario 2024","PH","M.capitata","PH 30","Mario","host",NA,"shallow","PMNM","Thr.n",8.82833333333333
"1210","Mario 2024","Palmyra","Plankton","FoxPTN","Mario","plank",NA,"shallow","Plankton","Thr.n",8.77
"1410","Mario 2024","MID","Plankton","MID 101 L","Mario","plank",NA,"shallow","Plankton","Thr.n",4.96333333333333
"1510","Mario 2024","MID","Plankton","MID 104 NE","Mario","plank",NA,"shallow","Plankton","Thr.n",7.62666666666667
"1610","Mario 2024","MID","Plankton","MID 112 SW","Mario","plank",NA,"shallow","Plankton","Thr.n",6.825
"1710","Mario 2024","PH","M.capitata","PHL2-8","Mario","symb",NA,"shallow","PMNM","Thr.n",13.67
"188","Mario 2024","PH","M.capitata","PH 30","Mario","symb",NA,"shallow","PMNM","Thr.n",7.38333333333333
"231","Mario 2024","PH","M.capitata","PHL2-8","Mario","host",NA,"shallow","PMNM","Val.n",-3.83833333333333
"241","Mario 2024","PH","M.capitata","PHL7-8","Mario","host",NA,"shallow","PMNM","Val.n",-5.54833333333334
"251","Mario 2024","PH","M.capitata","PH 29","Mario","host",NA,"shallow","PMNM","Val.n",-3.75333333333333
"261","Mario 2024","PH","M.capitata","PH 30","Mario","host",NA,"shallow","PMNM","Val.n",-2.83166666666667
"341","Mario 2024","Palmyra","Plankton","FoxPTN","Mario","plank",NA,"shallow","Plankton","Val.n",-3.46
"361","Mario 2024","MID","Plankton","MID 101 L","Mario","plank",NA,"shallow","Plankton","Val.n",-2.16666666666666
"371","Mario 2024","MID","Plankton","MID 104 NE","Mario","plank",NA,"shallow","Plankton","Val.n",-4.24333333333333
"381","Mario 2024","MID","Plankton","MID 112 SW","Mario","plank",NA,"shallow","Plankton","Val.n",-3.625
"391","Mario 2024","PH","M.capitata","PHL2-8","Mario","symb",NA,"shallow","PMNM","Val.n",-8.01
"401","Mario 2024","PH","M.capitata","PH 30","Mario","symb",NA,"shallow","PMNM","Val.n",-3.23666666666667
"451","Mario 2024","PH","M.capitata","PHL2-8","Mario","host",NA,"shallow","PMNM","Leu.n",-6.05833333333334
"461","Mario 2024","PH","M.capitata","PHL7-8","Mario","host",NA,"shallow","PMNM","Leu.n",-7.32833333333333
"471","Mario 2024","PH","M.capitata","PH 29","Mario","host",NA,"shallow","PMNM","Leu.n",-7.45333333333333
"481","Mario 2024","PH","M.capitata","PH 30","Mario","host",NA,"shallow","PMNM","Leu.n",-7.33166666666667
"561","Mario 2024","Palmyra","Plankton","FoxPTN","Mario","plank",NA,"shallow","Plankton","Leu.n",-6.22
"581","Mario 2024","MID","Plankton","MID 101 L","Mario","plank",NA,"shallow","Plankton","Leu.n",-3.67666666666667
"591","Mario 2024","MID","Plankton","MID 104 NE","Mario","plank",NA,"shallow","Plankton","Leu.n",-2.93333333333333
"601","Mario 2024","MID","Plankton","MID 112 SW","Mario","plank",NA,"shallow","Plankton","Leu.n",-5.345
"611","Mario 2024","PH","M.capitata","PHL2-8","Mario","symb",NA,"shallow","PMNM","Leu.n",-6.73
"621","Mario 2024","PH","M.capitata","PH 30","Mario","symb",NA,"shallow","PMNM","Leu.n",-6.27666666666667
"671","Mario 2024","PH","M.capitata","PHL2-8","Mario","host",NA,"shallow","PMNM","Ile.n",3.47166666666667
"681","Mario 2024","PH","M.capitata","PHL7-8","Mario","host",NA,"shallow","PMNM","Ile.n",3.00166666666667
"691","Mario 2024","PH","M.capitata","PH 29","Mario","host",NA,"shallow","PMNM","Ile.n",2.60666666666667
"701","Mario 2024","PH","M.capitata","PH 30","Mario","host",NA,"shallow","PMNM","Ile.n",2.46833333333333
"781","Mario 2024","Palmyra","Plankton","FoxPTN","Mario","plank",NA,"shallow","Plankton","Ile.n",0.93
"801","Mario 2024","MID","Plankton","MID 101 L","Mario","plank",NA,"shallow","Plankton","Ile.n",1.35333333333334
"811","Mario 2024","MID","Plankton","MID 104 NE","Mario","plank",NA,"shallow","Plankton","Ile.n",1.07666666666667
"821","Mario 2024","MID","Plankton","MID 112 SW","Mario","plank",NA,"shallow","Plankton","Ile.n",1.445
"831","Mario 2024","PH","M.capitata","PHL2-8","Mario","symb",NA,"shallow","PMNM","Ile.n",0.640000000000001
"841","Mario 2024","PH","M.capitata","PH 30","Mario","symb",NA,"shallow","PMNM","Ile.n",2.17333333333333
"891","Mario 2024","PH","M.capitata","PHL2-8","Mario","host",NA,"shallow","PMNM","Phe.n",-5.20833333333333
"901","Mario 2024","PH","M.capitata","PHL7-8","Mario","host",NA,"shallow","PMNM","Phe.n",-3.63833333333334
"911","Mario 2024","PH","M.capitata","PH 29","Mario","host",NA,"shallow","PMNM","Phe.n",-3.65333333333333
"921","Mario 2024","PH","M.capitata","PH 30","Mario","host",NA,"shallow","PMNM","Phe.n",-3.41166666666667
"1001","Mario 2024","Palmyra","Plankton","FoxPTN","Mario","plank",NA,"shallow","Plankton","Phe.n",-4.25
"1021","Mario 2024","MID","Plankton","MID 101 L","Mario","plank",NA,"shallow","Plankton","Phe.n",-5.67666666666667
"1031","Mario 2024","MID","Plankton","MID 104 NE","Mario","plank",NA,"shallow","Plankton","Phe.n",-4.76333333333333
"1041","Mario 2024","MID","Plankton","MID 112 SW","Mario","plank",NA,"shallow","Plankton","Phe.n",-5.205
"1051","Mario 2024","PH","M.capitata","PHL2-8","Mario","symb",NA,"shallow","PMNM","Phe.n",-5.03
"1061","Mario 2024","PH","M.capitata","PH 30","Mario","symb",NA,"shallow","PMNM","Phe.n",-5.26666666666667
"1111","Mario 2024","PH","M.capitata","PHL2-8","Mario","host",NA,"shallow","PMNM","Lys.n",3.02166666666667
"1121","Mario 2024","PH","M.capitata","PHL7-8","Mario","host",NA,"shallow","PMNM","Lys.n",4.34166666666667
"1131","Mario 2024","PH","M.capitata","PH 29","Mario","host",NA,"shallow","PMNM","Lys.n",3.17666666666667
"1141","Mario 2024","PH","M.capitata","PH 30","Mario","host",NA,"shallow","PMNM","Lys.n",2.27833333333333
"1221","Mario 2024","Palmyra","Plankton","FoxPTN","Mario","plank",NA,"shallow","Plankton","Lys.n",4.23
"1241","Mario 2024","MID","Plankton","MID 101 L","Mario","plank",NA,"shallow","Plankton","Lys.n",5.20333333333333
"1251","Mario 2024","MID","Plankton","MID 104 NE","Mario","plank",NA,"shallow","Plankton","Lys.n",3.23666666666667
"1261","Mario 2024","MID","Plankton","MID 112 SW","Mario","plank",NA,"shallow","Plankton","Lys.n",5.905
"1271","Mario 2024","PH","M.capitata","PHL2-8","Mario","symb",NA,"shallow","PMNM","Lys.n",5.46
"1281","Mario 2024","PH","M.capitata","PH 30","Mario","symb",NA,"shallow","PMNM","Lys.n",5.22333333333333
"189","Stoner-Osborne et al. ","Oahu","Plankton","3T1","Blake","plank","1","shallow","Plankton","Thr.n",8.23833333333333
"212","Stoner-Osborne et al. ","Oahu","Plankton","3T2","Blake","plank","1","shallow","Plankton","Thr.n",6.90333333333333
"312","Stoner-Osborne et al. ","Oahu","Plankton","MP3","Blake","plank","1","shallow","Plankton","Thr.n",4.80666666666667
"412","Stoner-Osborne et al. ","Oahu","Plankton","EB2","Blake","plank","1","shallow","Plankton","Thr.n",6.91666666666667
"512","Stoner-Osborne et al. ","Oahu","Plankton","EB1","Blake","plank","1","shallow","Plankton","Thr.n",5.36833333333333
"612","Stoner-Osborne et al. ","Oahu","Plankton","K-Bay 1","Blake","plank","1","shallow","Plankton","Thr.n",7.36666666666667
"712","Stoner-Osborne et al. ","Oahu","Plankton","K-Bay 2","Blake","plank","1","shallow","Plankton","Thr.n",6.96666666666667
"812","Stoner-Osborne et al. ","Oahu","Plankton","3T1","Blake","plank","1","shallow","Plankton","Val.n",-4.73166666666667
"912","Stoner-Osborne et al. ","Oahu","Plankton","3T2","Blake","plank","1","shallow","Plankton","Val.n",-2.66666666666667
"1011","Stoner-Osborne et al. ","Oahu","Plankton","MP3","Blake","plank","1","shallow","Plankton","Val.n",-2.64333333333333
"1112","Stoner-Osborne et al. ","Oahu","Plankton","EB2","Blake","plank","1","shallow","Plankton","Val.n",-3.33333333333333
"1212","Stoner-Osborne et al. ","Oahu","Plankton","EB1","Blake","plank","1","shallow","Plankton","Val.n",-0.651666666666667
"1310","Stoner-Osborne et al. ","Oahu","Plankton","K-Bay 1","Blake","plank","1","shallow","Plankton","Val.n",-3.96333333333333
"1411","Stoner-Osborne et al. ","Oahu","Plankton","K-Bay 2","Blake","plank","1","shallow","Plankton","Val.n",-4.39333333333333
"1511","Stoner-Osborne et al. ","Oahu","Plankton","3T1","Blake","plank","1","shallow","Plankton","Leu.n",-4.65166666666667
"1611","Stoner-Osborne et al. ","Oahu","Plankton","3T2","Blake","plank","1","shallow","Plankton","Leu.n",-4.38666666666667
"1711","Stoner-Osborne et al. ","Oahu","Plankton","MP3","Blake","plank","1","shallow","Plankton","Leu.n",-4.11333333333333
"1810","Stoner-Osborne et al. ","Oahu","Plankton","EB2","Blake","plank","1","shallow","Plankton","Leu.n",-4.28333333333333
"192","Stoner-Osborne et al. ","Oahu","Plankton","EB1","Blake","plank","1","shallow","Plankton","Leu.n",-4.29166666666667
"202","Stoner-Osborne et al. ","Oahu","Plankton","K-Bay 1","Blake","plank","1","shallow","Plankton","Leu.n",-5.98333333333333
"213","Stoner-Osborne et al. ","Oahu","Plankton","K-Bay 2","Blake","plank","1","shallow","Plankton","Leu.n",-6.05333333333333
"222","Stoner-Osborne et al. ","Oahu","Plankton","3T1","Blake","plank","1","shallow","Plankton","Ile.n",1.13833333333334
"232","Stoner-Osborne et al. ","Oahu","Plankton","3T2","Blake","plank","1","shallow","Plankton","Ile.n",1.70333333333333
"242","Stoner-Osborne et al. ","Oahu","Plankton","MP3","Blake","plank","1","shallow","Plankton","Ile.n",1.10666666666667
"252","Stoner-Osborne et al. ","Oahu","Plankton","EB2","Blake","plank","1","shallow","Plankton","Ile.n",1.11666666666667
"262","Stoner-Osborne et al. ","Oahu","Plankton","EB1","Blake","plank","1","shallow","Plankton","Ile.n",1.26833333333333
"272","Stoner-Osborne et al. ","Oahu","Plankton","K-Bay 1","Blake","plank","1","shallow","Plankton","Ile.n",2.13666666666667
"282","Stoner-Osborne et al. ","Oahu","Plankton","K-Bay 2","Blake","plank","1","shallow","Plankton","Ile.n",1.62666666666667
"292","Stoner-Osborne et al. ","Oahu","Plankton","3T1","Blake","plank","1","shallow","Plankton","Phe.n",-2.27166666666666
"302","Stoner-Osborne et al. ","Oahu","Plankton","3T2","Blake","plank","1","shallow","Plankton","Phe.n",-3.33666666666667
"313","Stoner-Osborne et al. ","Oahu","Plankton","MP3","Blake","plank","1","shallow","Plankton","Phe.n",-1.40333333333333
"322","Stoner-Osborne et al. ","Oahu","Plankton","EB2","Blake","plank","1","shallow","Plankton","Phe.n",-2.58333333333333
"332","Stoner-Osborne et al. ","Oahu","Plankton","EB1","Blake","plank","1","shallow","Plankton","Phe.n",-2.75166666666667
"342","Stoner-Osborne et al. ","Oahu","Plankton","K-Bay 1","Blake","plank","1","shallow","Plankton","Phe.n",-2.26333333333334
"351","Stoner-Osborne et al. ","Oahu","Plankton","K-Bay 2","Blake","plank","1","shallow","Plankton","Phe.n",-1.73333333333333
"362","Stoner-Osborne et al. ","Oahu","Plankton","3T1","Blake","plank","1","shallow","Plankton","Lys.n",2.27833333333333
"372","Stoner-Osborne et al. ","Oahu","Plankton","3T2","Blake","plank","1","shallow","Plankton","Lys.n",1.78333333333333
"382","Stoner-Osborne et al. ","Oahu","Plankton","MP3","Blake","plank","1","shallow","Plankton","Lys.n",2.24666666666667
"392","Stoner-Osborne et al. ","Oahu","Plankton","EB2","Blake","plank","1","shallow","Plankton","Lys.n",2.16666666666667
"402","Stoner-Osborne et al. ","Oahu","Plankton","EB1","Blake","plank","1","shallow","Plankton","Lys.n",1.05833333333333
"413","Stoner-Osborne et al. ","Oahu","Plankton","K-Bay 1","Blake","plank","1","shallow","Plankton","Lys.n",2.70666666666667
"422","Stoner-Osborne et al. ","Oahu","Plankton","K-Bay 2","Blake","plank","1","shallow","Plankton","Lys.n",3.58666666666667
